-- --------------------------------------------------------
-- Host:                         127.0.0.1
-- Versión del servidor:         10.4.27-MariaDB - mariadb.org binary distribution
-- SO del servidor:              Win64
-- HeidiSQL Versión:             12.3.0.6589
-- --------------------------------------------------------

/*!40101 SET @OLD_CHARACTER_SET_CLIENT=@@CHARACTER_SET_CLIENT */;
/*!40101 SET NAMES utf8 */;
/*!50503 SET NAMES utf8mb4 */;
/*!40103 SET @OLD_TIME_ZONE=@@TIME_ZONE */;
/*!40103 SET TIME_ZONE='+00:00' */;
/*!40014 SET @OLD_FOREIGN_KEY_CHECKS=@@FOREIGN_KEY_CHECKS, FOREIGN_KEY_CHECKS=0 */;
/*!40101 SET @OLD_SQL_MODE=@@SQL_MODE, SQL_MODE='NO_AUTO_VALUE_ON_ZERO' */;
/*!40111 SET @OLD_SQL_NOTES=@@SQL_NOTES, SQL_NOTES=0 */;


-- Volcando estructura de base de datos para i-qs-legacy
CREATE DATABASE IF NOT EXISTS `i-qs-legacy` /*!40100 DEFAULT CHARACTER SET utf8 COLLATE utf8_general_ci */;
USE `i-qs-legacy`;

-- Volcando estructura para tabla i-qs-legacy.addon_account
CREATE TABLE IF NOT EXISTS `addon_account` (
  `name` varchar(60) NOT NULL,
  `label` varchar(100) NOT NULL,
  `shared` int(11) NOT NULL,
  PRIMARY KEY (`name`)
) ENGINE=InnoDB DEFAULT CHARSET=utf8 COLLATE=utf8_general_ci;

-- Volcando datos para la tabla i-qs-legacy.addon_account: ~8 rows (aproximadamente)
INSERT INTO `addon_account` (`name`, `label`, `shared`) VALUES
	('bank_savings', 'Livret Bleu', 0),
	('caution', 'caution', 0),
	('property', 'Property', 0),
	('society_ambulance', 'EMS', 1),
	('society_mechanic', 'Mechanic', 1),
	('society_police', 'Police', 1),
	('society_realestate', 'Real estate agent', 1),
	('society_taxi', 'Taxi', 1);

-- Volcando estructura para tabla i-qs-legacy.addon_account_data
CREATE TABLE IF NOT EXISTS `addon_account_data` (
  `id` int(11) NOT NULL AUTO_INCREMENT,
  `account_name` varchar(100) DEFAULT NULL,
  `money` int(11) NOT NULL,
  `owner` varchar(46) DEFAULT NULL,
  PRIMARY KEY (`id`),
  UNIQUE KEY `index_addon_account_data_account_name_owner` (`account_name`,`owner`),
  KEY `index_addon_account_data_account_name` (`account_name`)
) ENGINE=InnoDB AUTO_INCREMENT=16 DEFAULT CHARSET=utf8 COLLATE=utf8_general_ci;

-- Volcando datos para la tabla i-qs-legacy.addon_account_data: ~10 rows (aproximadamente)
INSERT INTO `addon_account_data` (`id`, `account_name`, `money`, `owner`) VALUES
	(2, 'society_police', 0, NULL),
	(3, 'society_ambulance', 0, NULL),
	(4, 'society_mechanic', 0, NULL),
	(5, 'society_taxi', 0, NULL),
	(10, 'caution', 0, 'char1:f0e176ec5a87adad3df08d798b614090645a655a'),
	(11, 'bank_savings', 0, 'char1:f0e176ec5a87adad3df08d798b614090645a655a'),
	(12, 'bank_savings', 0, 'char2:f0e176ec5a87adad3df08d798b614090645a655a'),
	(13, 'caution', 0, 'char2:f0e176ec5a87adad3df08d798b614090645a655a'),
	(14, 'society_realestate', 0, NULL),
	(15, 'property', 0, 'char1:f0e176ec5a87adad3df08d798b614090645a655a');

-- Volcando estructura para tabla i-qs-legacy.addon_inventory
CREATE TABLE IF NOT EXISTS `addon_inventory` (
  `name` varchar(60) NOT NULL,
  `label` varchar(100) NOT NULL,
  `shared` int(11) NOT NULL,
  PRIMARY KEY (`name`)
) ENGINE=InnoDB DEFAULT CHARSET=utf8 COLLATE=utf8_general_ci;

-- Volcando datos para la tabla i-qs-legacy.addon_inventory: ~6 rows (aproximadamente)
INSERT INTO `addon_inventory` (`name`, `label`, `shared`) VALUES
	('property', 'Property', 0),
	('society_ambulance', 'EMS', 1),
	('society_cardealer', 'Cardealer', 1),
	('society_mechanic', 'Mechanic', 1),
	('society_police', 'Police', 1),
	('society_taxi', 'Taxi', 1);

-- Volcando estructura para tabla i-qs-legacy.addon_inventory_items
CREATE TABLE IF NOT EXISTS `addon_inventory_items` (
  `id` int(11) NOT NULL AUTO_INCREMENT,
  `inventory_name` varchar(100) NOT NULL,
  `name` varchar(100) NOT NULL,
  `count` int(11) NOT NULL,
  `owner` varchar(46) DEFAULT NULL,
  PRIMARY KEY (`id`),
  KEY `index_addon_inventory_items_inventory_name_name` (`inventory_name`,`name`),
  KEY `index_addon_inventory_items_inventory_name_name_owner` (`inventory_name`,`name`,`owner`),
  KEY `index_addon_inventory_inventory_name` (`inventory_name`)
) ENGINE=InnoDB DEFAULT CHARSET=utf8 COLLATE=utf8_general_ci;

-- Volcando datos para la tabla i-qs-legacy.addon_inventory_items: ~0 rows (aproximadamente)

-- Volcando estructura para tabla i-qs-legacy.banking
CREATE TABLE IF NOT EXISTS `banking` (
  `identifier` varchar(46) DEFAULT NULL,
  `type` varchar(50) DEFAULT NULL,
  `amount` int(64) DEFAULT NULL,
  `time` bigint(20) DEFAULT NULL,
  `ID` int(11) NOT NULL AUTO_INCREMENT,
  `balance` int(11) DEFAULT 0,
  PRIMARY KEY (`ID`)
) ENGINE=InnoDB DEFAULT CHARSET=utf8mb4 COLLATE=utf8mb4_general_ci;

-- Volcando datos para la tabla i-qs-legacy.banking: ~0 rows (aproximadamente)

-- Volcando estructura para tabla i-qs-legacy.billing
CREATE TABLE IF NOT EXISTS `billing` (
  `id` int(11) NOT NULL AUTO_INCREMENT,
  `identifier` varchar(46) DEFAULT NULL,
  `sender` varchar(60) NOT NULL,
  `target_type` varchar(50) NOT NULL,
  `target` varchar(40) NOT NULL,
  `label` varchar(255) NOT NULL,
  `amount` int(11) NOT NULL,
  PRIMARY KEY (`id`)
) ENGINE=InnoDB DEFAULT CHARSET=utf8 COLLATE=utf8_general_ci;

-- Volcando datos para la tabla i-qs-legacy.billing: ~0 rows (aproximadamente)

-- Volcando estructura para tabla i-qs-legacy.cardealer_vehicles
CREATE TABLE IF NOT EXISTS `cardealer_vehicles` (
  `id` int(11) NOT NULL AUTO_INCREMENT,
  `vehicle` varchar(255) NOT NULL,
  `price` int(11) NOT NULL,
  PRIMARY KEY (`id`)
) ENGINE=InnoDB DEFAULT CHARSET=utf8 COLLATE=utf8_general_ci;

-- Volcando datos para la tabla i-qs-legacy.cardealer_vehicles: ~0 rows (aproximadamente)

-- Volcando estructura para tabla i-qs-legacy.darkchat_messages
CREATE TABLE IF NOT EXISTS `darkchat_messages` (
  `id` int(11) NOT NULL AUTO_INCREMENT,
  `password` text NOT NULL,
  `owner` varchar(46) DEFAULT NULL,
  `name` varchar(50) DEFAULT '',
  `messages` text DEFAULT NULL,
  PRIMARY KEY (`id`) USING BTREE,
  KEY `id` (`id`) USING BTREE
) ENGINE=InnoDB AUTO_INCREMENT=10 DEFAULT CHARSET=utf8mb4 COLLATE=utf8mb4_general_ci;

-- Volcando datos para la tabla i-qs-legacy.darkchat_messages: ~0 rows (aproximadamente)

-- Volcando estructura para tabla i-qs-legacy.datastore
CREATE TABLE IF NOT EXISTS `datastore` (
  `name` varchar(60) NOT NULL,
  `label` varchar(100) NOT NULL,
  `shared` int(11) NOT NULL,
  PRIMARY KEY (`name`)
) ENGINE=InnoDB DEFAULT CHARSET=utf8 COLLATE=utf8_general_ci;

-- Volcando datos para la tabla i-qs-legacy.datastore: ~9 rows (aproximadamente)
INSERT INTO `datastore` (`name`, `label`, `shared`) VALUES
	('property', 'Property', 0),
	('society_ambulance', 'EMS', 1),
	('society_mechanic', 'Mechanic', 1),
	('society_police', 'Police', 1),
	('society_taxi', 'Taxi', 1),
	('user_ears', 'Ears', 0),
	('user_glasses', 'Glasses', 0),
	('user_helmet', 'Helmet', 0),
	('user_mask', 'Mask', 0);

-- Volcando estructura para tabla i-qs-legacy.datastore_data
CREATE TABLE IF NOT EXISTS `datastore_data` (
  `id` int(11) NOT NULL AUTO_INCREMENT,
  `name` varchar(60) NOT NULL,
  `owner` varchar(46) DEFAULT NULL,
  `data` longtext DEFAULT NULL,
  PRIMARY KEY (`id`),
  UNIQUE KEY `index_datastore_data_name_owner` (`name`,`owner`),
  KEY `index_datastore_data_name` (`name`)
) ENGINE=InnoDB AUTO_INCREMENT=17 DEFAULT CHARSET=utf8 COLLATE=utf8_general_ci;

-- Volcando datos para la tabla i-qs-legacy.datastore_data: ~16 rows (aproximadamente)
INSERT INTO `datastore_data` (`id`, `name`, `owner`, `data`) VALUES
	(1, 'society_police', NULL, '{}'),
	(2, 'society_ambulance', NULL, '{}'),
	(3, 'society_mechanic', NULL, '{}'),
	(4, 'society_taxi', NULL, '{}'),
	(5, 'property', NULL, '{}'),
	(6, 'property', NULL, '{}'),
	(7, 'property', 'char1:f0e176ec5a87adad3df08d798b614090645a655a', '{}'),
	(8, 'user_ears', 'char1:f0e176ec5a87adad3df08d798b614090645a655a', '{}'),
	(9, 'user_glasses', 'char1:f0e176ec5a87adad3df08d798b614090645a655a', '{}'),
	(10, 'user_helmet', 'char1:f0e176ec5a87adad3df08d798b614090645a655a', '{}'),
	(11, 'user_mask', 'char1:f0e176ec5a87adad3df08d798b614090645a655a', '{}'),
	(12, 'property', 'char2:f0e176ec5a87adad3df08d798b614090645a655a', '{}'),
	(13, 'user_ears', 'char2:f0e176ec5a87adad3df08d798b614090645a655a', '{}'),
	(14, 'user_glasses', 'char2:f0e176ec5a87adad3df08d798b614090645a655a', '{}'),
	(15, 'user_helmet', 'char2:f0e176ec5a87adad3df08d798b614090645a655a', '{}'),
	(16, 'user_mask', 'char2:f0e176ec5a87adad3df08d798b614090645a655a', '{}');

-- Volcando estructura para tabla i-qs-legacy.fine_types
CREATE TABLE IF NOT EXISTS `fine_types` (
  `id` int(11) NOT NULL AUTO_INCREMENT,
  `label` varchar(255) DEFAULT NULL,
  `amount` int(11) DEFAULT NULL,
  `category` int(11) DEFAULT NULL,
  PRIMARY KEY (`id`)
) ENGINE=InnoDB AUTO_INCREMENT=53 DEFAULT CHARSET=utf8 COLLATE=utf8_general_ci;

-- Volcando datos para la tabla i-qs-legacy.fine_types: ~52 rows (aproximadamente)
INSERT INTO `fine_types` (`id`, `label`, `amount`, `category`) VALUES
	(1, 'Misuse of a horn', 30, 0),
	(2, 'Illegally Crossing a continuous Line', 40, 0),
	(3, 'Driving on the wrong side of the road', 250, 0),
	(4, 'Illegal U-Turn', 250, 0),
	(5, 'Illegally Driving Off-road', 170, 0),
	(6, 'Refusing a Lawful Command', 30, 0),
	(7, 'Illegally Stopping a Vehicle', 150, 0),
	(8, 'Illegal Parking', 70, 0),
	(9, 'Failing to Yield to the right', 70, 0),
	(10, 'Failure to comply with Vehicle Information', 90, 0),
	(11, 'Failing to stop at a Stop Sign ', 105, 0),
	(12, 'Failing to stop at a Red Light', 130, 0),
	(13, 'Illegal Passing', 100, 0),
	(14, 'Driving an illegal Vehicle', 100, 0),
	(15, 'Driving without a License', 1500, 0),
	(16, 'Hit and Run', 800, 0),
	(17, 'Exceeding Speeds Over < 5 mph', 90, 0),
	(18, 'Exceeding Speeds Over 5-15 mph', 120, 0),
	(19, 'Exceeding Speeds Over 15-30 mph', 180, 0),
	(20, 'Exceeding Speeds Over > 30 mph', 300, 0),
	(21, 'Impeding traffic flow', 110, 1),
	(22, 'Public Intoxication', 90, 1),
	(23, 'Disorderly conduct', 90, 1),
	(24, 'Obstruction of Justice', 130, 1),
	(25, 'Insults towards Civilans', 75, 1),
	(26, 'Disrespecting of an LEO', 110, 1),
	(27, 'Verbal Threat towards a Civilan', 90, 1),
	(28, 'Verbal Threat towards an LEO', 150, 1),
	(29, 'Providing False Information', 250, 1),
	(30, 'Attempt of Corruption', 1500, 1),
	(31, 'Brandishing a weapon in city Limits', 120, 2),
	(32, 'Brandishing a Lethal Weapon in city Limits', 300, 2),
	(33, 'No Firearms License', 600, 2),
	(34, 'Possession of an Illegal Weapon', 700, 2),
	(35, 'Possession of Burglary Tools', 300, 2),
	(36, 'Grand Theft Auto', 1800, 2),
	(37, 'Intent to Sell/Distrube of an illegal Substance', 1500, 2),
	(38, 'Frabrication of an Illegal Substance', 1500, 2),
	(39, 'Possession of an Illegal Substance ', 650, 2),
	(40, 'Kidnapping of a Civilan', 1500, 2),
	(41, 'Kidnapping of an LEO', 2000, 2),
	(42, 'Robbery', 650, 2),
	(43, 'Armed Robbery of a Store', 650, 2),
	(44, 'Armed Robbery of a Bank', 1500, 2),
	(45, 'Assault on a Civilian', 2000, 3),
	(46, 'Assault of an LEO', 2500, 3),
	(47, 'Attempt of Murder of a Civilian', 3000, 3),
	(48, 'Attempt of Murder of an LEO', 5000, 3),
	(49, 'Murder of a Civilian', 10000, 3),
	(50, 'Murder of an LEO', 30000, 3),
	(51, 'Involuntary manslaughter', 1800, 3),
	(52, 'Fraud', 2000, 2);

-- Volcando estructura para tabla i-qs-legacy.houselocations
CREATE TABLE IF NOT EXISTS `houselocations` (
  `name` varchar(255) NOT NULL,
  `label` varchar(255) DEFAULT NULL,
  `coords` text DEFAULT NULL,
  `owned` tinyint(2) DEFAULT NULL,
  `price` int(11) DEFAULT NULL,
  `tier` tinyint(2) DEFAULT NULL,
  `garage` text DEFAULT NULL,
  `creator` varchar(50) DEFAULT NULL,
  `mlo` text DEFAULT NULL,
  `ipl` text DEFAULT NULL,
  PRIMARY KEY (`name`)
) ENGINE=InnoDB DEFAULT CHARSET=latin1 COLLATE=latin1_swedish_ci;

-- Volcando datos para la tabla i-qs-legacy.houselocations: ~0 rows (aproximadamente)

-- Volcando estructura para tabla i-qs-legacy.instagram_account
CREATE TABLE IF NOT EXISTS `instagram_account` (
  `id` varchar(90) NOT NULL,
  `name` varchar(50) NOT NULL,
  `phone` varchar(50) NOT NULL,
  `username` varchar(50) NOT NULL,
  `password` varchar(50) NOT NULL,
  `avatar` text DEFAULT NULL,
  `description` text DEFAULT NULL,
  `verify` int(11) NOT NULL DEFAULT 0
) ENGINE=InnoDB DEFAULT CHARSET=utf8mb4 COLLATE=utf8mb4_general_ci;

-- Volcando datos para la tabla i-qs-legacy.instagram_account: ~0 rows (aproximadamente)

-- Volcando estructura para tabla i-qs-legacy.instagram_followers
CREATE TABLE IF NOT EXISTS `instagram_followers` (
  `username` varchar(50) NOT NULL,
  `followed` varchar(50) NOT NULL
) ENGINE=InnoDB DEFAULT CHARSET=utf8mb4 COLLATE=utf8mb4_general_ci;

-- Volcando datos para la tabla i-qs-legacy.instagram_followers: ~0 rows (aproximadamente)

-- Volcando estructura para tabla i-qs-legacy.instagram_posts
CREATE TABLE IF NOT EXISTS `instagram_posts` (
  `id` int(11) NOT NULL AUTO_INCREMENT,
  `username` varchar(50) NOT NULL,
  `image` text NOT NULL,
  `description` varchar(255) NOT NULL,
  `location` varchar(50) NOT NULL DEFAULT 'Los Santos',
  `filter` varchar(50) NOT NULL,
  `created` timestamp NOT NULL DEFAULT current_timestamp() ON UPDATE current_timestamp(),
  `likes` text DEFAULT NULL,
  PRIMARY KEY (`id`)
) ENGINE=InnoDB AUTO_INCREMENT=14 DEFAULT CHARSET=utf8mb4 COLLATE=utf8mb4_general_ci;

-- Volcando datos para la tabla i-qs-legacy.instagram_posts: ~0 rows (aproximadamente)

-- Volcando estructura para tabla i-qs-legacy.instagram_stories
CREATE TABLE IF NOT EXISTS `instagram_stories` (
  `owner` varchar(46) NOT NULL,
  `data` text DEFAULT NULL,
  PRIMARY KEY (`owner`) USING BTREE
) ENGINE=InnoDB DEFAULT CHARSET=armscii8 COLLATE=armscii8_bin;

-- Volcando datos para la tabla i-qs-legacy.instagram_stories: ~0 rows (aproximadamente)

-- Volcando estructura para tabla i-qs-legacy.insta_stories
CREATE TABLE IF NOT EXISTS `insta_stories` (
  `username` varchar(50) DEFAULT NULL,
  `location` varchar(50) DEFAULT NULL,
  `filter` varchar(50) DEFAULT NULL,
  `description` varchar(50) DEFAULT NULL,
  `image` text DEFAULT NULL,
  `created` time DEFAULT NULL
) ENGINE=InnoDB DEFAULT CHARSET=utf8mb4 COLLATE=utf8mb4_general_ci;

-- Volcando datos para la tabla i-qs-legacy.insta_stories: ~0 rows (aproximadamente)

-- Volcando estructura para tabla i-qs-legacy.items
CREATE TABLE IF NOT EXISTS `items` (
  `name` varchar(50) NOT NULL,
  `label` varchar(50) NOT NULL,
  `weight` int(11) NOT NULL DEFAULT 1,
  `rare` tinyint(4) NOT NULL DEFAULT 0,
  `can_remove` tinyint(4) NOT NULL DEFAULT 1,
  PRIMARY KEY (`name`)
) ENGINE=InnoDB DEFAULT CHARSET=utf8 COLLATE=utf8_general_ci;

-- Volcando datos para la tabla i-qs-legacy.items: ~54 rows (aproximadamente)
INSERT INTO `items` (`name`, `label`, `weight`, `rare`, `can_remove`) VALUES
	('alive_chicken', 'Living chicken', 1, 0, 1),
	('bandage', 'Bandage', 2, 0, 1),
	('black_phone', 'Black Phone', 10, 0, 1),
	('blowpipe', 'Blowtorch', 2, 0, 1),
	('blue_phone', 'Blue Phone', 10, 0, 1),
	('bread', 'Bread', 1, 0, 1),
	('cannabis', 'Cannabis', 3, 0, 1),
	('carokit', 'Body Kit', 3, 0, 1),
	('carotool', 'Tools', 2, 0, 1),
	('classic_phone', 'Classic Phone', 10, 0, 1),
	('clothe', 'Cloth', 1, 0, 1),
	('copper', 'Copper', 1, 0, 1),
	('cutted_wood', 'Cut wood', 1, 0, 1),
	('diamond', 'Diamond', 1, 0, 1),
	('essence', 'Gas', 1, 0, 1),
	('fabric', 'Fabric', 1, 0, 1),
	('fish', 'Fish', 1, 0, 1),
	('fixkit', 'Repair Kit', 3, 0, 1),
	('fixtool', 'Repair Tools', 2, 0, 1),
	('gazbottle', 'Gas Bottle', 2, 0, 1),
	('gold', 'Gold', 1, 0, 1),
	('gold_phone', 'Gold Phone', 10, 0, 1),
	('greenlight_phone', 'Green Light Phone', 10, 0, 1),
	('green_phone', 'Green Phone', 10, 0, 1),
	('iron', 'Iron', 1, 0, 1),
	('marijuana', 'Marijuana', 2, 0, 1),
	('medikit', 'Medikit', 2, 0, 1),
	('packaged_chicken', 'Chicken fillet', 1, 0, 1),
	('packaged_plank', 'Packaged wood', 1, 0, 1),
	('petrol', 'Oil', 1, 0, 1),
	('petrol_raffin', 'Processed oil', 1, 0, 1),
	('phone', 'Phone', 1, 0, 1),
	('phone_hack', 'Phone Hack', 10, 0, 1),
	('phone_module', 'Phone Module', 10, 0, 1),
	('pink_phone', 'Pink Phone', 10, 0, 1),
	('powerbank', 'Power Bank', 10, 0, 1),
	('radio', 'Radio', 1, 0, 1),
	('red_phone', 'Red Phone', 10, 0, 1),
	('slaughtered_chicken', 'Slaughtered chicken', 1, 0, 1),
	('stone', 'Stone', 1, 0, 1),
	('washed_stone', 'Washed stone', 1, 0, 1),
	('water', 'Water', 1, 0, 1),
	('wet_black_phone', 'Wet Black Phone', 10, 0, 1),
	('wet_blue_phone', 'Wet Blue Phone', 10, 0, 1),
	('wet_classic_phone', 'Wet Classic Phone', 10, 0, 1),
	('wet_gold_phone', 'Wet Gold Phone', 10, 0, 1),
	('wet_greenlight_phone', 'Wet Green Light Phone', 10, 0, 1),
	('wet_green_phone', 'Wet Green Phone', 10, 0, 1),
	('wet_pink_phone', 'Wet Pink Phone', 10, 0, 1),
	('wet_red_phone', 'Wet Red Phone', 10, 0, 1),
	('wet_white_phone', 'Wet White Phone', 10, 0, 1),
	('white_phone', 'White Phone', 10, 0, 1),
	('wood', 'Wood', 1, 0, 1),
	('wool', 'Wool', 1, 0, 1);

-- Volcando estructura para tabla i-qs-legacy.jobs
CREATE TABLE IF NOT EXISTS `jobs` (
  `name` varchar(50) NOT NULL,
  `label` varchar(50) DEFAULT NULL,
  `whitelisted` tinyint(1) NOT NULL DEFAULT 0,
  PRIMARY KEY (`name`)
) ENGINE=InnoDB DEFAULT CHARSET=utf8 COLLATE=utf8_general_ci;

-- Volcando datos para la tabla i-qs-legacy.jobs: ~6 rows (aproximadamente)
INSERT INTO `jobs` (`name`, `label`, `whitelisted`) VALUES
	('ambulance', 'EMS', 1),
	('mechanic', 'Mechanic', 1),
	('police', 'LSPD', 1),
	('realestate', 'Real estate agent', 1),
	('taxi', 'Taxi', 0),
	('unemployed', 'Unemployed', 0);

-- Volcando estructura para tabla i-qs-legacy.job_grades
CREATE TABLE IF NOT EXISTS `job_grades` (
  `id` int(11) NOT NULL AUTO_INCREMENT,
  `job_name` varchar(50) DEFAULT NULL,
  `grade` int(11) NOT NULL,
  `name` varchar(50) NOT NULL,
  `label` varchar(50) NOT NULL,
  `salary` int(11) NOT NULL,
  `skin_male` longtext NOT NULL,
  `skin_female` longtext NOT NULL,
  PRIMARY KEY (`id`)
) ENGINE=InnoDB AUTO_INCREMENT=53 DEFAULT CHARSET=utf8 COLLATE=utf8_general_ci;

-- Volcando datos para la tabla i-qs-legacy.job_grades: ~33 rows (aproximadamente)
INSERT INTO `job_grades` (`id`, `job_name`, `grade`, `name`, `label`, `salary`, `skin_male`, `skin_female`) VALUES
	(1, 'unemployed', 0, 'unemployed', 'Unemployed', 200, '{}', '{}'),
	(2, 'police', 0, 'recruit', 'Recruit', 20, '{}', '{}'),
	(3, 'police', 1, 'officer', 'Officer', 40, '{}', '{}'),
	(4, 'police', 2, 'sergeant', 'Sergeant', 60, '{}', '{}'),
	(5, 'police', 3, 'lieutenant', 'Lieutenant', 85, '{}', '{}'),
	(6, 'police', 4, 'boss', 'Captain', 100, '{}', '{}'),
	(22, 'ambulance', 0, 'ambulance', 'Jr. EMT', 20, '{"tshirt_2":0,"hair_color_1":5,"glasses_2":3,"shoes":9,"torso_2":3,"hair_color_2":0,"pants_1":24,"glasses_1":4,"hair_1":2,"sex":0,"decals_2":0,"tshirt_1":15,"helmet_1":8,"helmet_2":0,"arms":92,"face":19,"decals_1":60,"torso_1":13,"hair_2":0,"skin":34,"pants_2":5}', '{"tshirt_2":3,"decals_2":0,"glasses":0,"hair_1":2,"torso_1":73,"shoes":1,"hair_color_2":0,"glasses_1":19,"skin":13,"face":6,"pants_2":5,"tshirt_1":75,"pants_1":37,"helmet_1":57,"torso_2":0,"arms":14,"sex":1,"glasses_2":0,"decals_1":0,"hair_2":0,"helmet_2":0,"hair_color_1":0}'),
	(23, 'ambulance', 1, 'doctor', 'EMT', 40, '{"tshirt_2":0,"hair_color_1":5,"glasses_2":3,"shoes":9,"torso_2":3,"hair_color_2":0,"pants_1":24,"glasses_1":4,"hair_1":2,"sex":0,"decals_2":0,"tshirt_1":15,"helmet_1":8,"helmet_2":0,"arms":92,"face":19,"decals_1":60,"torso_1":13,"hair_2":0,"skin":34,"pants_2":5}', '{"tshirt_2":3,"decals_2":0,"glasses":0,"hair_1":2,"torso_1":73,"shoes":1,"hair_color_2":0,"glasses_1":19,"skin":13,"face":6,"pants_2":5,"tshirt_1":75,"pants_1":37,"helmet_1":57,"torso_2":0,"arms":14,"sex":1,"glasses_2":0,"decals_1":0,"hair_2":0,"helmet_2":0,"hair_color_1":0}'),
	(24, 'ambulance', 2, 'chief_doctor', 'Sr. EMT', 60, '{"tshirt_2":0,"hair_color_1":5,"glasses_2":3,"shoes":9,"torso_2":3,"hair_color_2":0,"pants_1":24,"glasses_1":4,"hair_1":2,"sex":0,"decals_2":0,"tshirt_1":15,"helmet_1":8,"helmet_2":0,"arms":92,"face":19,"decals_1":60,"torso_1":13,"hair_2":0,"skin":34,"pants_2":5}', '{"tshirt_2":3,"decals_2":0,"glasses":0,"hair_1":2,"torso_1":73,"shoes":1,"hair_color_2":0,"glasses_1":19,"skin":13,"face":6,"pants_2":5,"tshirt_1":75,"pants_1":37,"helmet_1":57,"torso_2":0,"arms":14,"sex":1,"glasses_2":0,"decals_1":0,"hair_2":0,"helmet_2":0,"hair_color_1":0}'),
	(25, 'ambulance', 3, 'boss', 'EMT Supervisor', 80, '{"tshirt_2":0,"hair_color_1":5,"glasses_2":3,"shoes":9,"torso_2":3,"hair_color_2":0,"pants_1":24,"glasses_1":4,"hair_1":2,"sex":0,"decals_2":0,"tshirt_1":15,"helmet_1":8,"helmet_2":0,"arms":92,"face":19,"decals_1":60,"torso_1":13,"hair_2":0,"skin":34,"pants_2":5}', '{"tshirt_2":3,"decals_2":0,"glasses":0,"hair_1":2,"torso_1":73,"shoes":1,"hair_color_2":0,"glasses_1":19,"skin":13,"face":6,"pants_2":5,"tshirt_1":75,"pants_1":37,"helmet_1":57,"torso_2":0,"arms":14,"sex":1,"glasses_2":0,"decals_1":0,"hair_2":0,"helmet_2":0,"hair_color_1":0}'),
	(26, 'mechanic', 0, 'recrue', 'Recruit', 12, '{}', '{}'),
	(27, 'mechanic', 1, 'novice', 'Novice', 24, '{}', '{}'),
	(28, 'mechanic', 2, 'experimente', 'Experienced', 36, '{}', '{}'),
	(29, 'mechanic', 3, 'chief', 'Leader', 48, '{}', '{}'),
	(30, 'mechanic', 4, 'boss', 'Boss', 0, '{}', '{}'),
	(31, 'taxi', 0, 'recrue', 'Recruit', 12, '{"hair_2":0,"hair_color_2":0,"torso_1":32,"bags_1":0,"helmet_2":0,"chain_2":0,"eyebrows_3":0,"makeup_3":0,"makeup_2":0,"tshirt_1":31,"makeup_1":0,"bags_2":0,"makeup_4":0,"eyebrows_4":0,"chain_1":0,"lipstick_4":0,"bproof_2":0,"hair_color_1":0,"decals_2":0,"pants_2":0,"age_2":0,"glasses_2":0,"ears_2":0,"arms":27,"lipstick_1":0,"ears_1":-1,"mask_2":0,"sex":0,"lipstick_3":0,"helmet_1":-1,"shoes_2":0,"beard_2":0,"beard_1":0,"lipstick_2":0,"beard_4":0,"glasses_1":0,"bproof_1":0,"mask_1":0,"decals_1":1,"hair_1":0,"eyebrows_2":0,"beard_3":0,"age_1":0,"tshirt_2":0,"skin":0,"torso_2":0,"eyebrows_1":0,"face":0,"shoes_1":10,"pants_1":24}', '{"hair_2":0,"hair_color_2":0,"torso_1":57,"bags_1":0,"helmet_2":0,"chain_2":0,"eyebrows_3":0,"makeup_3":0,"makeup_2":0,"tshirt_1":38,"makeup_1":0,"bags_2":0,"makeup_4":0,"eyebrows_4":0,"chain_1":0,"lipstick_4":0,"bproof_2":0,"hair_color_1":0,"decals_2":0,"pants_2":1,"age_2":0,"glasses_2":0,"ears_2":0,"arms":21,"lipstick_1":0,"ears_1":-1,"mask_2":0,"sex":1,"lipstick_3":0,"helmet_1":-1,"shoes_2":0,"beard_2":0,"beard_1":0,"lipstick_2":0,"beard_4":0,"glasses_1":5,"bproof_1":0,"mask_1":0,"decals_1":1,"hair_1":0,"eyebrows_2":0,"beard_3":0,"age_1":0,"tshirt_2":0,"skin":0,"torso_2":0,"eyebrows_1":0,"face":0,"shoes_1":49,"pants_1":11}'),
	(32, 'taxi', 1, 'novice', 'Cabby', 24, '{"hair_2":0,"hair_color_2":0,"torso_1":32,"bags_1":0,"helmet_2":0,"chain_2":0,"eyebrows_3":0,"makeup_3":0,"makeup_2":0,"tshirt_1":31,"makeup_1":0,"bags_2":0,"makeup_4":0,"eyebrows_4":0,"chain_1":0,"lipstick_4":0,"bproof_2":0,"hair_color_1":0,"decals_2":0,"pants_2":0,"age_2":0,"glasses_2":0,"ears_2":0,"arms":27,"lipstick_1":0,"ears_1":-1,"mask_2":0,"sex":0,"lipstick_3":0,"helmet_1":-1,"shoes_2":0,"beard_2":0,"beard_1":0,"lipstick_2":0,"beard_4":0,"glasses_1":0,"bproof_1":0,"mask_1":0,"decals_1":1,"hair_1":0,"eyebrows_2":0,"beard_3":0,"age_1":0,"tshirt_2":0,"skin":0,"torso_2":0,"eyebrows_1":0,"face":0,"shoes_1":10,"pants_1":24}', '{"hair_2":0,"hair_color_2":0,"torso_1":57,"bags_1":0,"helmet_2":0,"chain_2":0,"eyebrows_3":0,"makeup_3":0,"makeup_2":0,"tshirt_1":38,"makeup_1":0,"bags_2":0,"makeup_4":0,"eyebrows_4":0,"chain_1":0,"lipstick_4":0,"bproof_2":0,"hair_color_1":0,"decals_2":0,"pants_2":1,"age_2":0,"glasses_2":0,"ears_2":0,"arms":21,"lipstick_1":0,"ears_1":-1,"mask_2":0,"sex":1,"lipstick_3":0,"helmet_1":-1,"shoes_2":0,"beard_2":0,"beard_1":0,"lipstick_2":0,"beard_4":0,"glasses_1":5,"bproof_1":0,"mask_1":0,"decals_1":1,"hair_1":0,"eyebrows_2":0,"beard_3":0,"age_1":0,"tshirt_2":0,"skin":0,"torso_2":0,"eyebrows_1":0,"face":0,"shoes_1":49,"pants_1":11}'),
	(33, 'taxi', 2, 'experimente', 'Experienced', 36, '{"hair_2":0,"hair_color_2":0,"torso_1":26,"bags_1":0,"helmet_2":0,"chain_2":0,"eyebrows_3":0,"makeup_3":0,"makeup_2":0,"tshirt_1":57,"makeup_1":0,"bags_2":0,"makeup_4":0,"eyebrows_4":0,"chain_1":0,"lipstick_4":0,"bproof_2":0,"hair_color_1":0,"decals_2":0,"pants_2":4,"age_2":0,"glasses_2":0,"ears_2":0,"arms":11,"lipstick_1":0,"ears_1":-1,"mask_2":0,"sex":0,"lipstick_3":0,"helmet_1":-1,"shoes_2":0,"beard_2":0,"beard_1":0,"lipstick_2":0,"beard_4":0,"glasses_1":0,"bproof_1":0,"mask_1":0,"decals_1":0,"hair_1":0,"eyebrows_2":0,"beard_3":0,"age_1":0,"tshirt_2":0,"skin":0,"torso_2":0,"eyebrows_1":0,"face":0,"shoes_1":10,"pants_1":24}', '{"hair_2":0,"hair_color_2":0,"torso_1":57,"bags_1":0,"helmet_2":0,"chain_2":0,"eyebrows_3":0,"makeup_3":0,"makeup_2":0,"tshirt_1":38,"makeup_1":0,"bags_2":0,"makeup_4":0,"eyebrows_4":0,"chain_1":0,"lipstick_4":0,"bproof_2":0,"hair_color_1":0,"decals_2":0,"pants_2":1,"age_2":0,"glasses_2":0,"ears_2":0,"arms":21,"lipstick_1":0,"ears_1":-1,"mask_2":0,"sex":1,"lipstick_3":0,"helmet_1":-1,"shoes_2":0,"beard_2":0,"beard_1":0,"lipstick_2":0,"beard_4":0,"glasses_1":5,"bproof_1":0,"mask_1":0,"decals_1":1,"hair_1":0,"eyebrows_2":0,"beard_3":0,"age_1":0,"tshirt_2":0,"skin":0,"torso_2":0,"eyebrows_1":0,"face":0,"shoes_1":49,"pants_1":11}'),
	(34, 'taxi', 3, 'uber', 'Uber Cabby', 48, '{"hair_2":0,"hair_color_2":0,"torso_1":26,"bags_1":0,"helmet_2":0,"chain_2":0,"eyebrows_3":0,"makeup_3":0,"makeup_2":0,"tshirt_1":57,"makeup_1":0,"bags_2":0,"makeup_4":0,"eyebrows_4":0,"chain_1":0,"lipstick_4":0,"bproof_2":0,"hair_color_1":0,"decals_2":0,"pants_2":4,"age_2":0,"glasses_2":0,"ears_2":0,"arms":11,"lipstick_1":0,"ears_1":-1,"mask_2":0,"sex":0,"lipstick_3":0,"helmet_1":-1,"shoes_2":0,"beard_2":0,"beard_1":0,"lipstick_2":0,"beard_4":0,"glasses_1":0,"bproof_1":0,"mask_1":0,"decals_1":0,"hair_1":0,"eyebrows_2":0,"beard_3":0,"age_1":0,"tshirt_2":0,"skin":0,"torso_2":0,"eyebrows_1":0,"face":0,"shoes_1":10,"pants_1":24}', '{"hair_2":0,"hair_color_2":0,"torso_1":57,"bags_1":0,"helmet_2":0,"chain_2":0,"eyebrows_3":0,"makeup_3":0,"makeup_2":0,"tshirt_1":38,"makeup_1":0,"bags_2":0,"makeup_4":0,"eyebrows_4":0,"chain_1":0,"lipstick_4":0,"bproof_2":0,"hair_color_1":0,"decals_2":0,"pants_2":1,"age_2":0,"glasses_2":0,"ears_2":0,"arms":21,"lipstick_1":0,"ears_1":-1,"mask_2":0,"sex":1,"lipstick_3":0,"helmet_1":-1,"shoes_2":0,"beard_2":0,"beard_1":0,"lipstick_2":0,"beard_4":0,"glasses_1":5,"bproof_1":0,"mask_1":0,"decals_1":1,"hair_1":0,"eyebrows_2":0,"beard_3":0,"age_1":0,"tshirt_2":0,"skin":0,"torso_2":0,"eyebrows_1":0,"face":0,"shoes_1":49,"pants_1":11}'),
	(35, 'taxi', 4, 'boss', 'Lead Cabby', 0, '{"hair_2":0,"hair_color_2":0,"torso_1":29,"bags_1":0,"helmet_2":0,"chain_2":0,"eyebrows_3":0,"makeup_3":0,"makeup_2":0,"tshirt_1":31,"makeup_1":0,"bags_2":0,"makeup_4":0,"eyebrows_4":0,"chain_1":0,"lipstick_4":0,"bproof_2":0,"hair_color_1":0,"decals_2":0,"pants_2":4,"age_2":0,"glasses_2":0,"ears_2":0,"arms":1,"lipstick_1":0,"ears_1":-1,"mask_2":0,"sex":0,"lipstick_3":0,"helmet_1":-1,"shoes_2":0,"beard_2":0,"beard_1":0,"lipstick_2":0,"beard_4":0,"glasses_1":0,"bproof_1":0,"mask_1":0,"decals_1":0,"hair_1":0,"eyebrows_2":0,"beard_3":0,"age_1":0,"tshirt_2":0,"skin":0,"torso_2":4,"eyebrows_1":0,"face":0,"shoes_1":10,"pants_1":24}', '{"hair_2":0,"hair_color_2":0,"torso_1":57,"bags_1":0,"helmet_2":0,"chain_2":0,"eyebrows_3":0,"makeup_3":0,"makeup_2":0,"tshirt_1":38,"makeup_1":0,"bags_2":0,"makeup_4":0,"eyebrows_4":0,"chain_1":0,"lipstick_4":0,"bproof_2":0,"hair_color_1":0,"decals_2":0,"pants_2":1,"age_2":0,"glasses_2":0,"ears_2":0,"arms":21,"lipstick_1":0,"ears_1":-1,"mask_2":0,"sex":1,"lipstick_3":0,"helmet_1":-1,"shoes_2":0,"beard_2":0,"beard_1":0,"lipstick_2":0,"beard_4":0,"glasses_1":5,"bproof_1":0,"mask_1":0,"decals_1":1,"hair_1":0,"eyebrows_2":0,"beard_3":0,"age_1":0,"tshirt_2":0,"skin":0,"torso_2":0,"eyebrows_1":0,"face":0,"shoes_1":49,"pants_1":11}'),
	(41, 'realestate', 0, 'rookie', 'Rookie', 10, '{}', '{}'),
	(42, 'realestate', 1, 'seller', 'Seller', 25, '{}', '{}'),
	(43, 'realestate', 2, 'manager', 'Manager', 40, '{}', '{}'),
	(44, 'realestate', 3, 'boss', 'Boss', 0, '{}', '{}'),
	(45, 'realestate', 0, 'rookie', 'Rookie', 10, '{}', '{}'),
	(46, 'realestate', 1, 'seller', 'Seller', 25, '{}', '{}'),
	(47, 'realestate', 2, 'manager', 'Manager', 40, '{}', '{}'),
	(48, 'realestate', 3, 'boss', 'Boss', 0, '{}', '{}'),
	(49, 'realestate', 0, 'rookie', 'Rookie', 10, '{}', '{}'),
	(50, 'realestate', 1, 'seller', 'Seller', 25, '{}', '{}'),
	(51, 'realestate', 2, 'manager', 'Manager', 40, '{}', '{}'),
	(52, 'realestate', 3, 'boss', 'Boss', 0, '{}', '{}');

-- Volcando estructura para tabla i-qs-legacy.licenses
CREATE TABLE IF NOT EXISTS `licenses` (
  `type` varchar(60) NOT NULL,
  `label` varchar(60) NOT NULL,
  PRIMARY KEY (`type`)
) ENGINE=InnoDB DEFAULT CHARSET=utf8 COLLATE=utf8_general_ci;

-- Volcando datos para la tabla i-qs-legacy.licenses: ~5 rows (aproximadamente)
INSERT INTO `licenses` (`type`, `label`) VALUES
	('dmv', 'Driving Permit'),
	('drive', 'Drivers License'),
	('drive_bike', 'Motorcycle License'),
	('drive_truck', 'Commercial Drivers License'),
	('weed_processing', 'Weed Processing License');

-- Volcando estructura para tabla i-qs-legacy.multicharacter_slots
CREATE TABLE IF NOT EXISTS `multicharacter_slots` (
  `identifier` varchar(46) NOT NULL,
  `slots` int(11) NOT NULL,
  PRIMARY KEY (`identifier`) USING BTREE,
  KEY `slots` (`slots`) USING BTREE
) ENGINE=InnoDB DEFAULT CHARSET=utf8 COLLATE=utf8_general_ci;

-- Volcando datos para la tabla i-qs-legacy.multicharacter_slots: ~0 rows (aproximadamente)

-- Volcando estructura para tabla i-qs-legacy.outfits
CREATE TABLE IF NOT EXISTS `outfits` (
  `id` int(11) NOT NULL AUTO_INCREMENT,
  `identifier` varchar(46) DEFAULT NULL,
  `name` longtext DEFAULT NULL,
  `ped` longtext DEFAULT NULL,
  `components` longtext DEFAULT NULL,
  `props` longtext DEFAULT NULL,
  PRIMARY KEY (`id`),
  UNIQUE KEY `id_UNIQUE` (`id`)
) ENGINE=InnoDB DEFAULT CHARSET=utf8 COLLATE=utf8_general_ci;

-- Volcando datos para la tabla i-qs-legacy.outfits: ~0 rows (aproximadamente)

-- Volcando estructura para tabla i-qs-legacy.owned_vehicles
CREATE TABLE IF NOT EXISTS `owned_vehicles` (
  `owner` varchar(46) DEFAULT NULL,
  `plate` varchar(12) NOT NULL,
  `vehicle` longtext DEFAULT NULL,
  `type` varchar(20) NOT NULL DEFAULT 'car',
  `job` varchar(20) DEFAULT NULL,
  `stored` tinyint(4) NOT NULL DEFAULT 0,
  `parking` varchar(60) DEFAULT NULL,
  `pound` varchar(60) DEFAULT NULL,
  PRIMARY KEY (`plate`)
) ENGINE=InnoDB DEFAULT CHARSET=utf8 COLLATE=utf8_general_ci;

-- Volcando datos para la tabla i-qs-legacy.owned_vehicles: ~0 rows (aproximadamente)

-- Volcando estructura para tabla i-qs-legacy.phone_accounts
CREATE TABLE IF NOT EXISTS `phone_accounts` (
  `app` varchar(50) NOT NULL,
  `id` varchar(80) NOT NULL,
  `name` varchar(50) NOT NULL,
  `password` varchar(50) NOT NULL,
  `birthdate` varchar(50) NOT NULL,
  `gender` varchar(50) NOT NULL,
  `interested` text NOT NULL,
  `avatar` text NOT NULL
) ENGINE=InnoDB DEFAULT CHARSET=utf8mb4 COLLATE=utf8mb4_general_ci;

-- Volcando datos para la tabla i-qs-legacy.phone_accounts: ~0 rows (aproximadamente)

-- Volcando estructura para tabla i-qs-legacy.phone_alertjobs
CREATE TABLE IF NOT EXISTS `phone_alertjobs` (
  `id` int(11) NOT NULL AUTO_INCREMENT,
  `job` varchar(255) NOT NULL,
  `alerts` text DEFAULT NULL,
  `date` timestamp NULL DEFAULT current_timestamp(),
  PRIMARY KEY (`id`),
  UNIQUE KEY `job` (`job`)
) ENGINE=InnoDB DEFAULT CHARSET=utf8mb4 COLLATE=utf8mb4_general_ci;

-- Volcando datos para la tabla i-qs-legacy.phone_alertjobs: ~0 rows (aproximadamente)

-- Volcando estructura para tabla i-qs-legacy.phone_chatrooms
CREATE TABLE IF NOT EXISTS `phone_chatrooms` (
  `id` int(10) unsigned NOT NULL AUTO_INCREMENT,
  `room_code` varchar(10) NOT NULL,
  `room_name` varchar(15) NOT NULL,
  `room_owner_id` varchar(50) DEFAULT NULL,
  `room_owner_name` varchar(60) DEFAULT NULL,
  `room_members` text DEFAULT NULL,
  `room_pin` varchar(50) DEFAULT NULL,
  `unpaid_balance` decimal(10,2) DEFAULT 0.00,
  `is_masked` tinyint(1) DEFAULT 0,
  `is_pinned` tinyint(1) DEFAULT 0,
  `created` datetime DEFAULT current_timestamp(),
  PRIMARY KEY (`id`),
  UNIQUE KEY `room_code` (`room_code`)
) ENGINE=InnoDB AUTO_INCREMENT=4 DEFAULT CHARSET=utf8 COLLATE=utf8_general_ci;

-- Volcando datos para la tabla i-qs-legacy.phone_chatrooms: ~3 rows (aproximadamente)
INSERT INTO `phone_chatrooms` (`id`, `room_code`, `room_name`, `room_owner_id`, `room_owner_name`, `room_members`, `room_pin`, `unpaid_balance`, `is_masked`, `is_pinned`, `created`) VALUES
	(1, 'social', 'Social', 'official', 'Government', NULL, NULL, 0.00, 0, 1, '2022-12-20 17:56:33'),
	(2, 'lounge', 'The Lounge', 'official', 'Government', NULL, NULL, 0.00, 0, 1, '2022-12-20 17:56:33'),
	(3, 'events', 'Events', 'official', 'Government', NULL, NULL, 0.00, 0, 1, '2022-12-20 17:56:33');

-- Volcando estructura para tabla i-qs-legacy.phone_chatroom_messages
CREATE TABLE IF NOT EXISTS `phone_chatroom_messages` (
  `id` int(10) unsigned NOT NULL AUTO_INCREMENT,
  `room_id` int(10) unsigned DEFAULT NULL,
  `member_id` varchar(50) DEFAULT NULL,
  `member_name` varchar(50) DEFAULT NULL,
  `message` text DEFAULT NULL,
  `is_pinned` tinyint(1) DEFAULT 0,
  `created` datetime DEFAULT current_timestamp(),
  PRIMARY KEY (`id`)
) ENGINE=InnoDB DEFAULT CHARSET=utf8 COLLATE=utf8_general_ci;

-- Volcando datos para la tabla i-qs-legacy.phone_chatroom_messages: ~0 rows (aproximadamente)

-- Volcando estructura para tabla i-qs-legacy.phone_chats
CREATE TABLE IF NOT EXISTS `phone_chats` (
  `app` varchar(50) NOT NULL,
  `author` varchar(50) NOT NULL,
  `number` varchar(50) NOT NULL,
  `created` varchar(50) NOT NULL
) ENGINE=InnoDB DEFAULT CHARSET=utf8mb4 COLLATE=utf8mb4_general_ci;

-- Volcando datos para la tabla i-qs-legacy.phone_chats: ~0 rows (aproximadamente)

-- Volcando estructura para tabla i-qs-legacy.phone_invoices
CREATE TABLE IF NOT EXISTS `phone_invoices` (
  `id` int(10) NOT NULL AUTO_INCREMENT,
  `citizenid` varchar(50) DEFAULT NULL,
  `amount` int(11) NOT NULL DEFAULT 0,
  `society` tinytext DEFAULT NULL,
  `sender` varchar(50) DEFAULT NULL,
  `sendercitizenid` varchar(50) DEFAULT NULL,
  PRIMARY KEY (`id`)
) ENGINE=InnoDB DEFAULT CHARSET=utf8 COLLATE=utf8_general_ci;

-- Volcando datos para la tabla i-qs-legacy.phone_invoices: ~0 rows (aproximadamente)

-- Volcando estructura para tabla i-qs-legacy.phone_messages
CREATE TABLE IF NOT EXISTS `phone_messages` (
  `id` int(11) NOT NULL AUTO_INCREMENT,
  `phone` varchar(50) DEFAULT NULL,
  `number` varchar(50) NOT NULL,
  `owner` varchar(46) DEFAULT NULL,
  `messages` text NOT NULL,
  `type` varchar(50) DEFAULT NULL,
  `read` int(11) DEFAULT NULL,
  `created` varchar(50) DEFAULT NULL,
  PRIMARY KEY (`id`)
) ENGINE=InnoDB AUTO_INCREMENT=20 DEFAULT CHARSET=utf8mb4 COLLATE=utf8mb4_general_ci;

-- Volcando datos para la tabla i-qs-legacy.phone_messages: ~0 rows (aproximadamente)

-- Volcando estructura para tabla i-qs-legacy.phone_news
CREATE TABLE IF NOT EXISTS `phone_news` (
  `id` int(11) NOT NULL AUTO_INCREMENT,
  `owner` varchar(46) DEFAULT NULL,
  `title` varchar(50) DEFAULT NULL,
  `content` text DEFAULT NULL,
  `image` text DEFAULT NULL,
  `created` varchar(50) DEFAULT '',
  PRIMARY KEY (`id`) USING BTREE
) ENGINE=InnoDB AUTO_INCREMENT=5 DEFAULT CHARSET=utf8mb4 COLLATE=utf8mb4_unicode_ci;

-- Volcando datos para la tabla i-qs-legacy.phone_news: ~0 rows (aproximadamente)

-- Volcando estructura para tabla i-qs-legacy.phone_notifies
CREATE TABLE IF NOT EXISTS `phone_notifies` (
  `id` int(11) NOT NULL AUTO_INCREMENT,
  `phone` varchar(50) NOT NULL,
  `msg_content` text NOT NULL,
  `msg_head` varchar(50) NOT NULL DEFAULT '',
  `app_name` text NOT NULL,
  `msg_time` varchar(50) NOT NULL,
  PRIMARY KEY (`id`)
) ENGINE=InnoDB AUTO_INCREMENT=65 DEFAULT CHARSET=utf8mb4 COLLATE=utf8mb4_general_ci;

-- Volcando datos para la tabla i-qs-legacy.phone_notifies: ~0 rows (aproximadamente)

-- Volcando estructura para tabla i-qs-legacy.player_contacts
CREATE TABLE IF NOT EXISTS `player_contacts` (
  `id` int(11) NOT NULL AUTO_INCREMENT,
  `identifier` varchar(46) DEFAULT NULL,
  `name` varchar(50) DEFAULT NULL,
  `number` varchar(50) DEFAULT NULL,
  `iban` varchar(50) NOT NULL DEFAULT '0',
  `display` varchar(50) DEFAULT NULL,
  `note` text NOT NULL,
  `pp` text NOT NULL,
  `isBlocked` int(11) DEFAULT NULL,
  PRIMARY KEY (`id`) USING BTREE,
  KEY `identifier` (`identifier`) USING BTREE
) ENGINE=InnoDB AUTO_INCREMENT=38 DEFAULT CHARSET=utf8mb4 COLLATE=utf8mb4_general_ci;

-- Volcando datos para la tabla i-qs-legacy.player_contacts: ~0 rows (aproximadamente)

-- Volcando estructura para tabla i-qs-legacy.player_gallery
CREATE TABLE IF NOT EXISTS `player_gallery` (
  `id` int(11) NOT NULL AUTO_INCREMENT,
  `identifier` text NOT NULL,
  `resim` text NOT NULL,
  `data` text NOT NULL,
  `created_at` timestamp NOT NULL DEFAULT current_timestamp() ON UPDATE current_timestamp(),
  PRIMARY KEY (`id`) USING BTREE
) ENGINE=InnoDB AUTO_INCREMENT=12 DEFAULT CHARSET=utf8mb4 COLLATE=utf8mb4_general_ci;

-- Volcando datos para la tabla i-qs-legacy.player_gallery: ~1 rows (aproximadamente)
INSERT INTO `player_gallery` (`id`, `identifier`, `resim`, `data`, `created_at`) VALUES
	(11, 'char1:f0e176ec5a87adad3df08d798b614090645a655a', 'https://media.discordapp.net/attachments/1054805053317337148/1054815686591008788/screenshot.jpg', '{"albums":["Album"],"location":"Autopista de Del Perro"}', '2022-12-20 17:41:00');

-- Volcando estructura para tabla i-qs-legacy.player_houses
CREATE TABLE IF NOT EXISTS `player_houses` (
  `house` varchar(50) NOT NULL,
  `identifier` varchar(46) DEFAULT NULL,
  `insideId` varchar(50) DEFAULT NULL,
  `keyholders` text DEFAULT NULL,
  `decorations` text DEFAULT NULL,
  `stash` text DEFAULT NULL,
  `outfit` text DEFAULT NULL,
  `logout` text DEFAULT NULL,
  `charge` text DEFAULT NULL,
  `credit` varchar(50) DEFAULT NULL,
  `creditPrice` varchar(50) DEFAULT NULL,
  `decorateStash` text DEFAULT NULL,
  PRIMARY KEY (`house`)
) ENGINE=InnoDB DEFAULT CHARSET=utf8mb4 COLLATE=utf8mb4_general_ci;

-- Volcando datos para la tabla i-qs-legacy.player_houses: ~0 rows (aproximadamente)

-- Volcando estructura para tabla i-qs-legacy.player_mails
CREATE TABLE IF NOT EXISTS `player_mails` (
  `id` int(11) NOT NULL AUTO_INCREMENT,
  `identifier` varchar(46) DEFAULT NULL,
  `sender` varchar(50) DEFAULT NULL,
  `subject` varchar(50) DEFAULT NULL,
  `message` text DEFAULT NULL,
  `read` tinyint(4) DEFAULT NULL,
  `mailid` int(11) DEFAULT NULL,
  `date` timestamp NULL DEFAULT current_timestamp(),
  `button` text DEFAULT NULL,
  PRIMARY KEY (`id`) USING BTREE,
  KEY `identifier` (`identifier`) USING BTREE
) ENGINE=InnoDB AUTO_INCREMENT=3 DEFAULT CHARSET=utf8mb4 COLLATE=utf8mb4_general_ci;

-- Volcando datos para la tabla i-qs-legacy.player_mails: ~1 rows (aproximadamente)
INSERT INTO `player_mails` (`id`, `identifier`, `sender`, `subject`, `message`, `read`, `mailid`, `date`, `button`) VALUES
	(2, 'char1:f0e176ec5a87adad3df08d798b614090645a655a', 'Dynasty 8', 'Sales commission.', '¡Thanks for working with us! You received a commission for the sale of the house: 756', 0, 709722, '2022-12-20 18:25:07', '[]');

-- Volcando estructura para tabla i-qs-legacy.player_notes
CREATE TABLE IF NOT EXISTS `player_notes` (
  `id` int(11) NOT NULL AUTO_INCREMENT,
  `identifier` text NOT NULL,
  `baslik` text NOT NULL,
  `aciklama` text NOT NULL,
  PRIMARY KEY (`id`)
) ENGINE=InnoDB DEFAULT CHARSET=utf8mb4 COLLATE=utf8mb4_general_ci;

-- Volcando datos para la tabla i-qs-legacy.player_notes: ~0 rows (aproximadamente)

-- Volcando estructura para tabla i-qs-legacy.qs_ammo
CREATE TABLE IF NOT EXISTS `qs_ammo` (
  `id` int(11) NOT NULL AUTO_INCREMENT,
  `identifier` varchar(46) DEFAULT NULL,
  `ammo` text DEFAULT NULL,
  PRIMARY KEY (`id`),
  KEY `citizenid` (`identifier`) USING BTREE
) ENGINE=InnoDB AUTO_INCREMENT=3638 DEFAULT CHARSET=latin1 COLLATE=latin1_swedish_ci;

-- Volcando datos para la tabla i-qs-legacy.qs_ammo: ~0 rows (aproximadamente)

-- Volcando estructura para tabla i-qs-legacy.qs_customshops
CREATE TABLE IF NOT EXISTS `qs_customshops` (
  `cid` varchar(50) DEFAULT NULL,
  `shopname` varchar(50) DEFAULT NULL,
  `shopdata` longtext DEFAULT NULL
) ENGINE=InnoDB DEFAULT CHARSET=utf8 COLLATE=utf8_general_ci;

-- Volcando datos para la tabla i-qs-legacy.qs_customshops: ~0 rows (aproximadamente)

-- Volcando estructura para tabla i-qs-legacy.qs_glovebox
CREATE TABLE IF NOT EXISTS `qs_glovebox` (
  `id` int(11) NOT NULL AUTO_INCREMENT,
  `plate` varchar(255) DEFAULT NULL,
  `items` longtext CHARACTER SET utf8mb4 COLLATE utf8mb4_bin DEFAULT NULL,
  PRIMARY KEY (`id`),
  KEY `plate` (`plate`)
) ENGINE=InnoDB AUTO_INCREMENT=13 DEFAULT CHARSET=latin1 COLLATE=latin1_swedish_ci;

-- Volcando datos para la tabla i-qs-legacy.qs_glovebox: ~4 rows (aproximadamente)
INSERT INTO `qs_glovebox` (`id`, `plate`, `items`) VALUES
	(9, 'ESX4I552', '[]'),
	(10, 'ESXOW890', '[]'),
	(11, 'ESXCU936', '[{"info":[],"type":"item","image":"phone.png","label":"Red Phone","weight":0,"slot":1,"useable":true,"amount":1,"unique":true,"name":"red_phone"}]'),
	(12, 'ESXRP170', '[]');

-- Volcando estructura para tabla i-qs-legacy.qs_stash
CREATE TABLE IF NOT EXISTS `qs_stash` (
  `id` int(11) NOT NULL AUTO_INCREMENT,
  `stash` varchar(255) NOT NULL,
  `items` longtext CHARACTER SET utf8mb4 COLLATE utf8mb4_bin DEFAULT NULL,
  PRIMARY KEY (`id`),
  KEY `stash` (`stash`)
) ENGINE=InnoDB AUTO_INCREMENT=40 DEFAULT CHARSET=latin1 COLLATE=latin1_swedish_ci;

-- Volcando datos para la tabla i-qs-legacy.qs_stash: ~0 rows (aproximadamente)

-- Volcando estructura para tabla i-qs-legacy.qs_trunk
CREATE TABLE IF NOT EXISTS `qs_trunk` (
  `id` int(11) NOT NULL AUTO_INCREMENT,
  `plate` varchar(255) NOT NULL,
  `items` longtext CHARACTER SET utf8mb4 COLLATE utf8mb4_bin DEFAULT NULL,
  PRIMARY KEY (`id`),
  KEY `plate` (`plate`)
) ENGINE=InnoDB AUTO_INCREMENT=1141 DEFAULT CHARSET=latin1 COLLATE=latin1_swedish_ci;

-- Volcando datos para la tabla i-qs-legacy.qs_trunk: ~0 rows (aproximadamente)

-- Volcando estructura para tabla i-qs-legacy.rented_vehicles
CREATE TABLE IF NOT EXISTS `rented_vehicles` (
  `vehicle` varchar(60) NOT NULL,
  `plate` varchar(12) NOT NULL,
  `player_name` varchar(255) NOT NULL,
  `base_price` int(11) NOT NULL,
  `rent_price` int(11) NOT NULL,
  `owner` varchar(46) DEFAULT NULL,
  PRIMARY KEY (`plate`)
) ENGINE=InnoDB DEFAULT CHARSET=utf8 COLLATE=utf8_general_ci;

-- Volcando datos para la tabla i-qs-legacy.rented_vehicles: ~0 rows (aproximadamente)

-- Volcando estructura para tabla i-qs-legacy.society_moneywash
CREATE TABLE IF NOT EXISTS `society_moneywash` (
  `id` int(11) NOT NULL AUTO_INCREMENT,
  `identifier` varchar(46) DEFAULT NULL,
  `society` varchar(60) NOT NULL,
  `amount` int(11) NOT NULL,
  PRIMARY KEY (`id`)
) ENGINE=InnoDB DEFAULT CHARSET=utf8 COLLATE=utf8_general_ci;

-- Volcando datos para la tabla i-qs-legacy.society_moneywash: ~0 rows (aproximadamente)

-- Volcando estructura para tabla i-qs-legacy.tiktok_users
CREATE TABLE IF NOT EXISTS `tiktok_users` (
  `id` int(11) NOT NULL AUTO_INCREMENT,
  `username` varchar(50) NOT NULL DEFAULT '0',
  `phone` varchar(50) NOT NULL DEFAULT '0',
  `pp` text DEFAULT NULL,
  `name` varchar(50) NOT NULL DEFAULT '0',
  `bio` text NOT NULL DEFAULT '',
  `birthday` varchar(50) NOT NULL DEFAULT '0',
  `videos` text NOT NULL DEFAULT '{}',
  `followers` text NOT NULL,
  `following` text NOT NULL,
  `liked` text NOT NULL,
  PRIMARY KEY (`id`) USING BTREE,
  KEY `id` (`id`) USING BTREE
) ENGINE=InnoDB AUTO_INCREMENT=13 DEFAULT CHARSET=utf8mb4 COLLATE=utf8mb4_general_ci;

-- Volcando datos para la tabla i-qs-legacy.tiktok_users: ~0 rows (aproximadamente)

-- Volcando estructura para tabla i-qs-legacy.tiktok_videos
CREATE TABLE IF NOT EXISTS `tiktok_videos` (
  `id` int(11) NOT NULL AUTO_INCREMENT,
  `userID` int(11) DEFAULT NULL,
  `created` varchar(50) NOT NULL DEFAULT '00:00:00',
  `data` text DEFAULT NULL,
  `phone` varchar(50) DEFAULT NULL,
  PRIMARY KEY (`id`) USING BTREE
) ENGINE=InnoDB AUTO_INCREMENT=440 DEFAULT CHARSET=utf8mb4 COLLATE=utf8mb4_unicode_ci;

-- Volcando datos para la tabla i-qs-legacy.tiktok_videos: ~0 rows (aproximadamente)

-- Volcando estructura para tabla i-qs-legacy.tinder_accounts
CREATE TABLE IF NOT EXISTS `tinder_accounts` (
  `id` int(11) NOT NULL AUTO_INCREMENT,
  `phone` varchar(50) NOT NULL DEFAULT '0',
  `pp` text NOT NULL,
  `name` varchar(50) NOT NULL DEFAULT '0',
  `gender` varchar(50) NOT NULL,
  `targetGender` varchar(50) NOT NULL DEFAULT '0',
  `hobbies` varchar(50) NOT NULL DEFAULT '0',
  `age` varchar(50) NOT NULL DEFAULT '0',
  `description` varchar(50) NOT NULL DEFAULT '0',
  `password` varchar(50) NOT NULL,
  PRIMARY KEY (`id`)
) ENGINE=InnoDB AUTO_INCREMENT=17 DEFAULT CHARSET=utf8mb4 COLLATE=utf8mb4_general_ci;

-- Volcando datos para la tabla i-qs-legacy.tinder_accounts: ~0 rows (aproximadamente)

-- Volcando estructura para tabla i-qs-legacy.tinder_likes
CREATE TABLE IF NOT EXISTS `tinder_likes` (
  `id` int(11) NOT NULL AUTO_INCREMENT,
  `phone` varchar(1024) NOT NULL,
  `likeds` mediumtext NOT NULL,
  PRIMARY KEY (`id`)
) ENGINE=InnoDB AUTO_INCREMENT=4 DEFAULT CHARSET=utf8mb4 COLLATE=utf8mb4_general_ci;

-- Volcando datos para la tabla i-qs-legacy.tinder_likes: ~0 rows (aproximadamente)

-- Volcando estructura para tabla i-qs-legacy.tinder_messages
CREATE TABLE IF NOT EXISTS `tinder_messages` (
  `id` int(11) NOT NULL AUTO_INCREMENT,
  `phone` varchar(50) NOT NULL,
  `number` longtext NOT NULL,
  `messages` varchar(1024) DEFAULT '{}',
  PRIMARY KEY (`id`) USING BTREE
) ENGINE=InnoDB AUTO_INCREMENT=11 DEFAULT CHARSET=utf8mb4 COLLATE=utf8mb4_general_ci;

-- Volcando datos para la tabla i-qs-legacy.tinder_messages: ~0 rows (aproximadamente)

-- Volcando estructura para tabla i-qs-legacy.twitter_account
CREATE TABLE IF NOT EXISTS `twitter_account` (
  `id` varchar(90) NOT NULL,
  `name` varchar(50) NOT NULL,
  `phone` varchar(50) NOT NULL,
  `username` varchar(50) NOT NULL,
  `password` varchar(50) NOT NULL,
  `avatar` text NOT NULL
) ENGINE=InnoDB DEFAULT CHARSET=utf8mb4 COLLATE=utf8mb4_general_ci;

-- Volcando datos para la tabla i-qs-legacy.twitter_account: ~0 rows (aproximadamente)

-- Volcando estructura para tabla i-qs-legacy.twitter_hashtags
CREATE TABLE IF NOT EXISTS `twitter_hashtags` (
  `id` int(11) NOT NULL AUTO_INCREMENT,
  `name` varchar(80) NOT NULL,
  `created` varchar(50) NOT NULL,
  `count` int(11) DEFAULT NULL,
  PRIMARY KEY (`id`)
) ENGINE=InnoDB AUTO_INCREMENT=8 DEFAULT CHARSET=utf8mb4 COLLATE=utf8mb4_general_ci;

-- Volcando datos para la tabla i-qs-legacy.twitter_hashtags: ~0 rows (aproximadamente)

-- Volcando estructura para tabla i-qs-legacy.twitter_mentions
CREATE TABLE IF NOT EXISTS `twitter_mentions` (
  `id` int(11) NOT NULL AUTO_INCREMENT,
  `id_tweet` int(11) NOT NULL,
  `username` varchar(50) NOT NULL,
  `mentioned` text NOT NULL,
  `created` varchar(50) NOT NULL,
  PRIMARY KEY (`id`) USING BTREE
) ENGINE=InnoDB AUTO_INCREMENT=4 DEFAULT CHARSET=utf8mb4 COLLATE=utf8mb4_general_ci;

-- Volcando datos para la tabla i-qs-legacy.twitter_mentions: ~0 rows (aproximadamente)

-- Volcando estructura para tabla i-qs-legacy.twitter_tweets
CREATE TABLE IF NOT EXISTS `twitter_tweets` (
  `id` int(5) NOT NULL AUTO_INCREMENT,
  `username` varchar(80) NOT NULL,
  `message` longtext NOT NULL,
  `hashtags` varchar(50) NOT NULL,
  `mentions` varchar(50) NOT NULL,
  `created` varchar(50) NOT NULL,
  `image` text NOT NULL,
  `likes` text DEFAULT NULL,
  PRIMARY KEY (`id`)
) ENGINE=InnoDB AUTO_INCREMENT=24 DEFAULT CHARSET=utf8mb4 COLLATE=utf8mb4_general_ci;

-- Volcando datos para la tabla i-qs-legacy.twitter_tweets: ~0 rows (aproximadamente)

-- Volcando estructura para tabla i-qs-legacy.users
CREATE TABLE IF NOT EXISTS `users` (
  `identifier` varchar(46) NOT NULL,
  `accounts` longtext DEFAULT NULL,
  `group` varchar(50) DEFAULT 'user',
  `inventory` longtext DEFAULT NULL,
  `job` varchar(20) DEFAULT 'unemployed',
  `job_grade` int(11) DEFAULT 0,
  `loadout` longtext DEFAULT NULL,
  `position` varchar(255) DEFAULT '{"x":-269.4,"y":-955.3,"z":31.2,"heading":205.8}',
  `firstname` varchar(16) DEFAULT NULL,
  `lastname` varchar(16) DEFAULT NULL,
  `dateofbirth` varchar(10) DEFAULT NULL,
  `sex` varchar(1) DEFAULT NULL,
  `height` int(11) DEFAULT NULL,
  `skin` longtext DEFAULT NULL,
  `status` longtext DEFAULT NULL,
  `is_dead` tinyint(1) DEFAULT 0,
  `id` int(11) NOT NULL AUTO_INCREMENT,
  `disabled` tinyint(1) DEFAULT 0,
  `last_property` varchar(255) DEFAULT NULL,
  `created_at` timestamp NULL DEFAULT current_timestamp(),
  `last_seen` timestamp NULL DEFAULT NULL ON UPDATE current_timestamp(),
  `phone_number` int(11) DEFAULT NULL,
  `pincode` int(11) DEFAULT NULL,
  `metadata` mediumtext DEFAULT NULL,
  `apps` text DEFAULT NULL,
  `widget` text DEFAULT NULL,
  `bt` text DEFAULT NULL,
  `charinfo` text DEFAULT NULL,
  `cryptocurrency` longtext DEFAULT NULL,
  `cryptocurrencytransfers` text DEFAULT NULL,
  `phonePos` text DEFAULT NULL,
  `spotify` text DEFAULT NULL,
  `ringtone` text DEFAULT NULL,
  `first_screen_showed` int(11) DEFAULT NULL,
  `inside` varchar(100) DEFAULT NULL,
  PRIMARY KEY (`identifier`),
  UNIQUE KEY `id` (`id`),
  UNIQUE KEY `index_users_phone_number` (`phone_number`)
) ENGINE=InnoDB AUTO_INCREMENT=8 DEFAULT CHARSET=utf8 COLLATE=utf8_general_ci;

-- Volcando datos para la tabla i-qs-legacy.users: ~0 rows (aproximadamente)

-- Volcando estructura para tabla i-qs-legacy.user_contacts
CREATE TABLE IF NOT EXISTS `user_contacts` (
  `id` int(11) NOT NULL AUTO_INCREMENT,
  `identifier` varchar(46) DEFAULT NULL,
  `name` varchar(100) NOT NULL,
  `number` int(11) NOT NULL,
  PRIMARY KEY (`id`),
  KEY `index_user_contacts_identifier_name_number` (`identifier`,`name`,`number`)
) ENGINE=InnoDB DEFAULT CHARSET=utf8 COLLATE=utf8_general_ci;

-- Volcando datos para la tabla i-qs-legacy.user_contacts: ~0 rows (aproximadamente)

-- Volcando estructura para tabla i-qs-legacy.user_licenses
CREATE TABLE IF NOT EXISTS `user_licenses` (
  `id` int(11) NOT NULL AUTO_INCREMENT,
  `type` varchar(60) NOT NULL,
  `owner` varchar(46) DEFAULT NULL,
  PRIMARY KEY (`id`)
) ENGINE=InnoDB DEFAULT CHARSET=utf8 COLLATE=utf8_general_ci;

-- Volcando datos para la tabla i-qs-legacy.user_licenses: ~0 rows (aproximadamente)

-- Volcando estructura para tabla i-qs-legacy.vehicles
CREATE TABLE IF NOT EXISTS `vehicles` (
  `name` varchar(60) NOT NULL,
  `model` varchar(60) NOT NULL,
  `price` int(11) NOT NULL,
  `category` varchar(60) DEFAULT NULL
) ENGINE=InnoDB DEFAULT CHARSET=utf8 COLLATE=utf8_general_ci;

-- Volcando datos para la tabla i-qs-legacy.vehicles: ~240 rows (aproximadamente)
INSERT INTO `vehicles` (`name`, `model`, `price`, `category`) VALUES
	('Adder', 'adder', 900000, 'super'),
	('Akuma', 'AKUMA', 7500, 'motorcycles'),
	('Alpha', 'alpha', 60000, 'sports'),
	('Ardent', 'ardent', 1150000, 'sportsclassics'),
	('Asea', 'asea', 5500, 'sedans'),
	('Autarch', 'autarch', 1955000, 'super'),
	('Avarus', 'avarus', 18000, 'motorcycles'),
	('Bagger', 'bagger', 13500, 'motorcycles'),
	('Baller', 'baller2', 40000, 'suvs'),
	('Baller Sport', 'baller3', 60000, 'suvs'),
	('Banshee', 'banshee', 70000, 'sports'),
	('Banshee 900R', 'banshee2', 255000, 'super'),
	('Bati 801', 'bati', 12000, 'motorcycles'),
	('Bati 801RR', 'bati2', 19000, 'motorcycles'),
	('Bestia GTS', 'bestiagts', 55000, 'sports'),
	('BF400', 'bf400', 6500, 'motorcycles'),
	('Bf Injection', 'bfinjection', 16000, 'offroad'),
	('Bifta', 'bifta', 12000, 'offroad'),
	('Bison', 'bison', 45000, 'vans'),
	('Blade', 'blade', 15000, 'muscle'),
	('Blazer', 'blazer', 6500, 'offroad'),
	('Blazer Sport', 'blazer4', 8500, 'offroad'),
	('blazer5', 'blazer5', 1755600, 'offroad'),
	('Blista', 'blista', 8000, 'compacts'),
	('BMX (velo)', 'bmx', 160, 'motorcycles'),
	('Bobcat XL', 'bobcatxl', 32000, 'vans'),
	('Brawler', 'brawler', 45000, 'offroad'),
	('Brioso R/A', 'brioso', 18000, 'compacts'),
	('Btype', 'btype', 62000, 'sportsclassics'),
	('Btype Hotroad', 'btype2', 155000, 'sportsclassics'),
	('Btype Luxe', 'btype3', 85000, 'sportsclassics'),
	('Buccaneer', 'buccaneer', 18000, 'muscle'),
	('Buccaneer Rider', 'buccaneer2', 24000, 'muscle'),
	('Buffalo', 'buffalo', 12000, 'sports'),
	('Buffalo S', 'buffalo2', 20000, 'sports'),
	('Bullet', 'bullet', 90000, 'super'),
	('Burrito', 'burrito3', 19000, 'vans'),
	('Camper', 'camper', 42000, 'vans'),
	('Carbonizzare', 'carbonizzare', 75000, 'sports'),
	('Carbon RS', 'carbonrs', 18000, 'motorcycles'),
	('Casco', 'casco', 30000, 'sportsclassics'),
	('Cavalcade', 'cavalcade2', 55000, 'suvs'),
	('Cheetah', 'cheetah', 375000, 'super'),
	('Chimera', 'chimera', 38000, 'motorcycles'),
	('Chino', 'chino', 15000, 'muscle'),
	('Chino Luxe', 'chino2', 19000, 'muscle'),
	('Cliffhanger', 'cliffhanger', 9500, 'motorcycles'),
	('Cognoscenti Cabrio', 'cogcabrio', 55000, 'coupes'),
	('Cognoscenti', 'cognoscenti', 55000, 'sedans'),
	('Comet', 'comet2', 65000, 'sports'),
	('Comet 5', 'comet5', 1145000, 'sports'),
	('Contender', 'contender', 70000, 'suvs'),
	('Coquette', 'coquette', 65000, 'sports'),
	('Coquette Classic', 'coquette2', 40000, 'sportsclassics'),
	('Coquette BlackFin', 'coquette3', 55000, 'muscle'),
	('Cruiser (velo)', 'cruiser', 510, 'motorcycles'),
	('Cyclone', 'cyclone', 1890000, 'super'),
	('Daemon', 'daemon', 11500, 'motorcycles'),
	('Daemon High', 'daemon2', 13500, 'motorcycles'),
	('Defiler', 'defiler', 9800, 'motorcycles'),
	('Deluxo', 'deluxo', 4721500, 'sportsclassics'),
	('Dominator', 'dominator', 35000, 'muscle'),
	('Double T', 'double', 28000, 'motorcycles'),
	('Dubsta', 'dubsta', 45000, 'suvs'),
	('Dubsta Luxuary', 'dubsta2', 60000, 'suvs'),
	('Bubsta 6x6', 'dubsta3', 120000, 'offroad'),
	('Dukes', 'dukes', 28000, 'muscle'),
	('Dune Buggy', 'dune', 8000, 'offroad'),
	('Elegy', 'elegy2', 38500, 'sports'),
	('Emperor', 'emperor', 8500, 'sedans'),
	('Enduro', 'enduro', 5500, 'motorcycles'),
	('Entity XF', 'entityxf', 425000, 'super'),
	('Esskey', 'esskey', 4200, 'motorcycles'),
	('Exemplar', 'exemplar', 32000, 'coupes'),
	('F620', 'f620', 40000, 'coupes'),
	('Faction', 'faction', 20000, 'muscle'),
	('Faction Rider', 'faction2', 30000, 'muscle'),
	('Faction XL', 'faction3', 40000, 'muscle'),
	('Faggio', 'faggio', 1900, 'motorcycles'),
	('Vespa', 'faggio2', 2800, 'motorcycles'),
	('Felon', 'felon', 42000, 'coupes'),
	('Felon GT', 'felon2', 55000, 'coupes'),
	('Feltzer', 'feltzer2', 55000, 'sports'),
	('Stirling GT', 'feltzer3', 65000, 'sportsclassics'),
	('Fixter (velo)', 'fixter', 225, 'motorcycles'),
	('FMJ', 'fmj', 185000, 'super'),
	('Fhantom', 'fq2', 17000, 'suvs'),
	('Fugitive', 'fugitive', 12000, 'sedans'),
	('Furore GT', 'furoregt', 45000, 'sports'),
	('Fusilade', 'fusilade', 40000, 'sports'),
	('Gargoyle', 'gargoyle', 16500, 'motorcycles'),
	('Gauntlet', 'gauntlet', 30000, 'muscle'),
	('Gang Burrito', 'gburrito', 45000, 'vans'),
	('Burrito', 'gburrito2', 29000, 'vans'),
	('Glendale', 'glendale', 6500, 'sedans'),
	('Grabger', 'granger', 50000, 'suvs'),
	('Gresley', 'gresley', 47500, 'suvs'),
	('GT 500', 'gt500', 785000, 'sportsclassics'),
	('Guardian', 'guardian', 45000, 'offroad'),
	('Hakuchou', 'hakuchou', 31000, 'motorcycles'),
	('Hakuchou Sport', 'hakuchou2', 55000, 'motorcycles'),
	('Hermes', 'hermes', 535000, 'muscle'),
	('Hexer', 'hexer', 12000, 'motorcycles'),
	('Hotknife', 'hotknife', 125000, 'muscle'),
	('Huntley S', 'huntley', 40000, 'suvs'),
	('Hustler', 'hustler', 625000, 'muscle'),
	('Infernus', 'infernus', 180000, 'super'),
	('Innovation', 'innovation', 23500, 'motorcycles'),
	('Intruder', 'intruder', 7500, 'sedans'),
	('Issi', 'issi2', 10000, 'compacts'),
	('Jackal', 'jackal', 38000, 'coupes'),
	('Jester', 'jester', 65000, 'sports'),
	('Jester(Racecar)', 'jester2', 135000, 'sports'),
	('Journey', 'journey', 6500, 'vans'),
	('Kamacho', 'kamacho', 345000, 'offroad'),
	('Khamelion', 'khamelion', 38000, 'sports'),
	('Kuruma', 'kuruma', 30000, 'sports'),
	('Landstalker', 'landstalker', 35000, 'suvs'),
	('RE-7B', 'le7b', 325000, 'super'),
	('Lynx', 'lynx', 40000, 'sports'),
	('Mamba', 'mamba', 70000, 'sports'),
	('Manana', 'manana', 12800, 'sportsclassics'),
	('Manchez', 'manchez', 5300, 'motorcycles'),
	('Massacro', 'massacro', 65000, 'sports'),
	('Massacro(Racecar)', 'massacro2', 130000, 'sports'),
	('Mesa', 'mesa', 16000, 'suvs'),
	('Mesa Trail', 'mesa3', 40000, 'suvs'),
	('Minivan', 'minivan', 13000, 'vans'),
	('Monroe', 'monroe', 55000, 'sportsclassics'),
	('The Liberator', 'monster', 210000, 'offroad'),
	('Moonbeam', 'moonbeam', 18000, 'vans'),
	('Moonbeam Rider', 'moonbeam2', 35000, 'vans'),
	('Nemesis', 'nemesis', 5800, 'motorcycles'),
	('Neon', 'neon', 1500000, 'sports'),
	('Nightblade', 'nightblade', 35000, 'motorcycles'),
	('Nightshade', 'nightshade', 65000, 'muscle'),
	('9F', 'ninef', 65000, 'sports'),
	('9F Cabrio', 'ninef2', 80000, 'sports'),
	('Omnis', 'omnis', 35000, 'sports'),
	('Oppressor', 'oppressor', 3524500, 'super'),
	('Oracle XS', 'oracle2', 35000, 'coupes'),
	('Osiris', 'osiris', 160000, 'super'),
	('Panto', 'panto', 10000, 'compacts'),
	('Paradise', 'paradise', 19000, 'vans'),
	('Pariah', 'pariah', 1420000, 'sports'),
	('Patriot', 'patriot', 55000, 'suvs'),
	('PCJ-600', 'pcj', 6200, 'motorcycles'),
	('Penumbra', 'penumbra', 28000, 'sports'),
	('Pfister', 'pfister811', 85000, 'super'),
	('Phoenix', 'phoenix', 12500, 'muscle'),
	('Picador', 'picador', 18000, 'muscle'),
	('Pigalle', 'pigalle', 20000, 'sportsclassics'),
	('Prairie', 'prairie', 12000, 'compacts'),
	('Premier', 'premier', 8000, 'sedans'),
	('Primo Custom', 'primo2', 14000, 'sedans'),
	('X80 Proto', 'prototipo', 2500000, 'super'),
	('Radius', 'radi', 29000, 'suvs'),
	('raiden', 'raiden', 1375000, 'sports'),
	('Rapid GT', 'rapidgt', 35000, 'sports'),
	('Rapid GT Convertible', 'rapidgt2', 45000, 'sports'),
	('Rapid GT3', 'rapidgt3', 885000, 'sportsclassics'),
	('Reaper', 'reaper', 150000, 'super'),
	('Rebel', 'rebel2', 35000, 'offroad'),
	('Regina', 'regina', 5000, 'sedans'),
	('Retinue', 'retinue', 615000, 'sportsclassics'),
	('Revolter', 'revolter', 1610000, 'sports'),
	('riata', 'riata', 380000, 'offroad'),
	('Rocoto', 'rocoto', 45000, 'suvs'),
	('Ruffian', 'ruffian', 6800, 'motorcycles'),
	('Ruiner 2', 'ruiner2', 5745600, 'muscle'),
	('Rumpo', 'rumpo', 15000, 'vans'),
	('Rumpo Trail', 'rumpo3', 19500, 'vans'),
	('Sabre Turbo', 'sabregt', 20000, 'muscle'),
	('Sabre GT', 'sabregt2', 25000, 'muscle'),
	('Sanchez', 'sanchez', 5300, 'motorcycles'),
	('Sanchez Sport', 'sanchez2', 5300, 'motorcycles'),
	('Sanctus', 'sanctus', 25000, 'motorcycles'),
	('Sandking', 'sandking', 55000, 'offroad'),
	('Savestra', 'savestra', 990000, 'sportsclassics'),
	('SC 1', 'sc1', 1603000, 'super'),
	('Schafter', 'schafter2', 25000, 'sedans'),
	('Schafter V12', 'schafter3', 50000, 'sports'),
	('Scorcher (velo)', 'scorcher', 280, 'motorcycles'),
	('Seminole', 'seminole', 25000, 'suvs'),
	('Sentinel', 'sentinel', 32000, 'coupes'),
	('Sentinel XS', 'sentinel2', 40000, 'coupes'),
	('Sentinel3', 'sentinel3', 650000, 'sports'),
	('Seven 70', 'seven70', 39500, 'sports'),
	('ETR1', 'sheava', 220000, 'super'),
	('Shotaro Concept', 'shotaro', 320000, 'motorcycles'),
	('Slam Van', 'slamvan3', 11500, 'muscle'),
	('Sovereign', 'sovereign', 22000, 'motorcycles'),
	('Stinger', 'stinger', 80000, 'sportsclassics'),
	('Stinger GT', 'stingergt', 75000, 'sportsclassics'),
	('Streiter', 'streiter', 500000, 'sports'),
	('Stretch', 'stretch', 90000, 'sedans'),
	('Stromberg', 'stromberg', 3185350, 'sports'),
	('Sultan', 'sultan', 15000, 'sports'),
	('Sultan RS', 'sultanrs', 65000, 'super'),
	('Super Diamond', 'superd', 130000, 'sedans'),
	('Surano', 'surano', 50000, 'sports'),
	('Surfer', 'surfer', 12000, 'vans'),
	('T20', 't20', 300000, 'super'),
	('Tailgater', 'tailgater', 30000, 'sedans'),
	('Tampa', 'tampa', 16000, 'muscle'),
	('Drift Tampa', 'tampa2', 80000, 'sports'),
	('Thrust', 'thrust', 24000, 'motorcycles'),
	('Tri bike (velo)', 'tribike3', 520, 'motorcycles'),
	('Trophy Truck', 'trophytruck', 60000, 'offroad'),
	('Trophy Truck Limited', 'trophytruck2', 80000, 'offroad'),
	('Tropos', 'tropos', 40000, 'sports'),
	('Turismo R', 'turismor', 350000, 'super'),
	('Tyrus', 'tyrus', 600000, 'super'),
	('Vacca', 'vacca', 120000, 'super'),
	('Vader', 'vader', 7200, 'motorcycles'),
	('Verlierer', 'verlierer2', 70000, 'sports'),
	('Vigero', 'vigero', 12500, 'muscle'),
	('Virgo', 'virgo', 14000, 'muscle'),
	('Viseris', 'viseris', 875000, 'sportsclassics'),
	('Visione', 'visione', 2250000, 'super'),
	('Voltic', 'voltic', 90000, 'super'),
	('Voltic 2', 'voltic2', 3830400, 'super'),
	('Voodoo', 'voodoo', 7200, 'muscle'),
	('Vortex', 'vortex', 9800, 'motorcycles'),
	('Warrener', 'warrener', 4000, 'sedans'),
	('Washington', 'washington', 9000, 'sedans'),
	('Windsor', 'windsor', 95000, 'coupes'),
	('Windsor Drop', 'windsor2', 125000, 'coupes'),
	('Woflsbane', 'wolfsbane', 9000, 'motorcycles'),
	('XLS', 'xls', 32000, 'suvs'),
	('Yosemite', 'yosemite', 485000, 'muscle'),
	('Youga', 'youga', 10800, 'vans'),
	('Youga Luxuary', 'youga2', 14500, 'vans'),
	('Z190', 'z190', 900000, 'sportsclassics'),
	('Zentorno', 'zentorno', 1500000, 'super'),
	('Zion', 'zion', 36000, 'coupes'),
	('Zion Cabrio', 'zion2', 45000, 'coupes'),
	('Zombie', 'zombiea', 9500, 'motorcycles'),
	('Zombie Luxuary', 'zombieb', 12000, 'motorcycles'),
	('Z-Type', 'ztype', 220000, 'sportsclassics');

-- Volcando estructura para tabla i-qs-legacy.vehicle_categories
CREATE TABLE IF NOT EXISTS `vehicle_categories` (
  `name` varchar(60) NOT NULL,
  `label` varchar(60) NOT NULL,
  PRIMARY KEY (`name`)
) ENGINE=InnoDB DEFAULT CHARSET=utf8 COLLATE=utf8_general_ci;

-- Volcando datos para la tabla i-qs-legacy.vehicle_categories: ~11 rows (aproximadamente)
INSERT INTO `vehicle_categories` (`name`, `label`) VALUES
	('compacts', 'Compacts'),
	('coupes', 'Coupés'),
	('motorcycles', 'Motos'),
	('muscle', 'Muscle'),
	('offroad', 'Off Road'),
	('sedans', 'Sedans'),
	('sports', 'Sports'),
	('sportsclassics', 'Sports Classics'),
	('super', 'Super'),
	('suvs', 'SUVs'),
	('vans', 'Vans');

-- Volcando estructura para tabla i-qs-legacy.vehicle_sold
CREATE TABLE IF NOT EXISTS `vehicle_sold` (
  `client` varchar(50) NOT NULL,
  `model` varchar(50) NOT NULL,
  `plate` varchar(50) NOT NULL,
  `soldby` varchar(50) NOT NULL,
  `date` varchar(50) NOT NULL,
  PRIMARY KEY (`plate`)
) ENGINE=InnoDB DEFAULT CHARSET=utf8 COLLATE=utf8_general_ci;

-- Volcando datos para la tabla i-qs-legacy.vehicle_sold: ~0 rows (aproximadamente)

-- Volcando estructura para tabla i-qs-legacy.whatsapp_accounts
CREATE TABLE IF NOT EXISTS `whatsapp_accounts` (
  `id` varchar(100) NOT NULL,
  `name` varchar(50) NOT NULL,
  `phone` varchar(50) NOT NULL,
  `password` varchar(50) NOT NULL,
  `avatar` text NOT NULL
) ENGINE=InnoDB DEFAULT CHARSET=utf8mb4 COLLATE=utf8mb4_unicode_ci;

-- Volcando datos para la tabla i-qs-legacy.whatsapp_accounts: ~0 rows (aproximadamente)

-- Volcando estructura para tabla i-qs-legacy.whatsapp_chats
CREATE TABLE IF NOT EXISTS `whatsapp_chats` (
  `id` int(11) NOT NULL AUTO_INCREMENT,
  `phone` varchar(50) NOT NULL,
  `number` varchar(50) NOT NULL,
  `created` varchar(50) NOT NULL,
  `messages` text NOT NULL,
  PRIMARY KEY (`id`)
) ENGINE=InnoDB AUTO_INCREMENT=43 DEFAULT CHARSET=utf8mb4 COLLATE=utf8mb4_general_ci;

-- Volcando datos para la tabla i-qs-legacy.whatsapp_chats: ~0 rows (aproximadamente)

-- Volcando estructura para tabla i-qs-legacy.whatsapp_chats_messages
CREATE TABLE IF NOT EXISTS `whatsapp_chats_messages` (
  `id` int(11) NOT NULL AUTO_INCREMENT,
  `id_chat` int(11) NOT NULL,
  `owner` varchar(46) DEFAULT NULL,
  `type` varchar(50) NOT NULL,
  `created` varchar(50) NOT NULL,
  `message` mediumtext NOT NULL,
  `readed` int(1) NOT NULL,
  PRIMARY KEY (`id`)
) ENGINE=InnoDB DEFAULT CHARSET=utf8mb4 COLLATE=utf8mb4_unicode_ci;

-- Volcando datos para la tabla i-qs-legacy.whatsapp_chats_messages: ~0 rows (aproximadamente)

-- Volcando estructura para tabla i-qs-legacy.whatsapp_groups
CREATE TABLE IF NOT EXISTS `whatsapp_groups` (
  `id` int(11) NOT NULL AUTO_INCREMENT,
  `phone` varchar(50) NOT NULL,
  `number` varchar(50) NOT NULL,
  `type` varchar(50) NOT NULL,
  `name` varchar(50) NOT NULL,
  `image` text NOT NULL,
  `created` varchar(50) NOT NULL,
  PRIMARY KEY (`id`)
) ENGINE=InnoDB AUTO_INCREMENT=8 DEFAULT CHARSET=utf8mb4 COLLATE=utf8mb4_general_ci;

-- Volcando datos para la tabla i-qs-legacy.whatsapp_groups: ~0 rows (aproximadamente)

-- Volcando estructura para tabla i-qs-legacy.whatsapp_groups_messages
CREATE TABLE IF NOT EXISTS `whatsapp_groups_messages` (
  `id` int(11) NOT NULL AUTO_INCREMENT,
  `id_group` varchar(50) NOT NULL,
  `owner` varchar(46) DEFAULT NULL,
  `type` varchar(50) NOT NULL,
  `message` text NOT NULL,
  `created` varchar(50) NOT NULL,
  `read` int(11) NOT NULL,
  `name` varchar(50) NOT NULL,
  PRIMARY KEY (`id`)
) ENGINE=InnoDB DEFAULT CHARSET=utf8mb4 COLLATE=utf8mb4_unicode_ci;

-- Volcando datos para la tabla i-qs-legacy.whatsapp_groups_messages: ~0 rows (aproximadamente)

-- Volcando estructura para tabla i-qs-legacy.whatsapp_groups_users
CREATE TABLE IF NOT EXISTS `whatsapp_groups_users` (
  `number_group` varchar(50) NOT NULL,
  `admin` int(11) NOT NULL,
  `phone` varchar(50) NOT NULL
) ENGINE=InnoDB DEFAULT CHARSET=utf8mb4 COLLATE=utf8mb4_unicode_ci;

-- Volcando datos para la tabla i-qs-legacy.whatsapp_groups_users: ~0 rows (aproximadamente)

-- Volcando estructura para tabla i-qs-legacy.whatsapp_stories
CREATE TABLE IF NOT EXISTS `whatsapp_stories` (
  `phone` varchar(50) NOT NULL,
  `image` text NOT NULL,
  `created` varchar(50) NOT NULL,
  `description` varchar(50) DEFAULT NULL,
  `location` varchar(50) DEFAULT NULL,
  `filter` varchar(50) DEFAULT NULL
) ENGINE=InnoDB DEFAULT CHARSET=utf8mb4 COLLATE=utf8mb4_general_ci;

-- Volcando datos para la tabla i-qs-legacy.whatsapp_stories: ~0 rows (aproximadamente)

-- Volcando estructura para tabla i-qs-legacy.whitelist
CREATE TABLE IF NOT EXISTS `whitelist` (
  `identifier` varchar(46) NOT NULL,
  PRIMARY KEY (`identifier`)
) ENGINE=InnoDB DEFAULT CHARSET=utf8 COLLATE=utf8_general_ci;

-- Volcando datos para la tabla i-qs-legacy.whitelist: ~0 rows (aproximadamente)

/*!40103 SET TIME_ZONE=IFNULL(@OLD_TIME_ZONE, 'system') */;
/*!40101 SET SQL_MODE=IFNULL(@OLD_SQL_MODE, '') */;
/*!40014 SET FOREIGN_KEY_CHECKS=IFNULL(@OLD_FOREIGN_KEY_CHECKS, 1) */;
/*!40101 SET CHARACTER_SET_CLIENT=@OLD_CHARACTER_SET_CLIENT */;
/*!40111 SET SQL_NOTES=IFNULL(@OLD_SQL_NOTES, 1) */;
